,Age,Fare,Parch,PassengerId,Pclass,SibSp,Survived
count,1046.0,1308.0,1309.0,1309.0,1309.0,1309.0,891.0
mean,29.881137667304014,33.29547928134557,0.3850267379679144,655.0,2.294881588999236,0.4988540870893812,0.3838383838383838
std,14.413493211271321,51.75866823917411,0.8655602753495147,378.0200611960517,0.8378360189701275,1.041658390596102,0.4865924542648575
min,0.17,0.0,0.0,1.0,1.0,0.0,0.0
25%,21.0,7.8958,0.0,328.0,2.0,0.0,0.0
50%,28.0,14.4542,0.0,655.0,3.0,0.0,0.0
75%,39.0,31.275,0.0,982.0,3.0,1.0,1.0
max,80.0,512.3292,9.0,1309.0,3.0,8.0,1.0
